id;error_code;error_message;last_edited_by;last_edite_when
1;user-centric Quality-focused copying;model Shirt;Investment Account Assistant;2020-07-17T15:56:08
2;e-business mobile withdrawal;killer Customizable bypass;Lodge Berkshire Fresh;2020-07-17T19:55:35
3;upward-trending communities;Sleek;knowledge base Gorgeous;2020-07-17T11:45:28
4;Wisconsin Home Loan Account Metal;index Orchestrator FTP;Credit Card Account Buckinghamshire;2020-07-18T00:21:59
5;Rhode Island;architectures;Australia Rubber;2020-07-17T23:42:09
6;calculating bypassing primary;Programmable capacity;Global;2020-07-17T22:38:03
7;Graphic Interface Handcrafted Buckinghamshire;24/365;Beauty Investment Account;2020-07-18T07:13:01
8;envisioneer infrastructures Concrete;brand;networks programming;2020-07-17T10:21:50
9;invoice Nepalese Rupee enhance;override calculating;blue;2020-07-18T05:52:05
10;Groves;Self-enabling national;Pound Sterling Mission;2020-07-17T13:50:49
