id;quantity;select_order;last_edited_by;last_edited_when
1;61851;false;navigating programming sexy;2020-07-18T01:56:09
2;29222;false;navigate capacitor;2020-07-18T03:24:07
3;93970;true;Steel bypass Personal Loan Account;2020-07-18T02:56:59
4;98253;true;port approach Functionality;2020-07-17T09:54:46
5;10294;false;out-of-the-box Keyboard;2020-07-17T16:32:25
6;9060;true;withdrawal online;2020-07-18T07:53:16
7;75490;true;Lempira;2020-07-17T11:24:16
8;26762;true;Hat Station Identity;2020-07-17T11:45:05
9;89661;true;Berkshire Engineer;2020-07-18T05:02:48
10;36508;false;Hat withdrawal;2020-07-18T02:35:27
