id;name;label;short_label;last_edited_by;last_edited_when
1;open-source Handmade Plastic Bike white;Unbranded Rubber;Granite lime District;Mouse;2020-06-10T06:10:05
2;Solomon Islands Dollar protocol Sausages;capacitor;Principal Usability HDD;Strategist Books collaborative;2020-06-10T07:35:06
3;heuristic Stand-alone Small Metal Chips;USB JSON;Crest;Architect Gorgeous deposit;2020-06-10T00:07:36
4;Communications;lime initiatives SDD;Latvia Table Fish;Sleek;2020-06-09T18:42:42
5;Usability innovate sensor;vertical;bandwidth Nevada Personal Loan Account;User-friendly;2020-06-09T21:16:11
6;Investor Generic Pa'anga;protocol functionalities Sports;HDD Chile action-items;connect Avon;2020-06-09T18:30:23
7;Senior;array;Beauty;transmit;2020-06-09T23:46:47
8;Marketing Rustic;alarm Divide;Auto Loan Account Identity;Avon;2020-06-09T22:27:04
9;Directives application Ethiopian Birr;bandwidth backing up matrix;object-oriented Delaware;Officer Canyon;2020-06-09T16:22:53
10;Usability;envisioneer overriding;Auto Loan Account;Avon;2020-06-10T00:18:56
